Ubigeo;Fecha-Actualizacion;Departamento;Provincia;Distrito;CentroPoblado;Modular;Nombre;Direccion;NivelEducativo;NroUsuarios;DescripcionUT;Comite;Item
70101;2020-01-15;CALLAO;CALLAO;CALLAO;AAHH SARITA COLONIA;1085539;AGUSTIN DE HIPONA;AVENIDA RAMIRO PRIALE - ANTENOR ORREGO;PRIMARIA;150; LIMA METROPOLITANA y CALLAO;CALLAO 1;CALLAO 3
70101;2020-01-15;CALLAO;CALLAO;CALLAO;SARITA COLONIA;631069;79 LOS ANGELES DE SARITA;CALLE LA SIMA MZ L LOTE 27;INICIAL;214; LIMA METROPOLITANA y CALLAO;CALLAO 1;CALLAO 3
70101;2020-01-15;CALLAO;CALLAO;CALLAO;SARITA COLONIA;659698;5082 SARITA COLONIA;HAYA DE LA TORRE Y RAMIRO PRIALE;PRIMARIA;481; LIMA METROPOLITANA y CALLAO;CALLAO 1;CALLAO 3
70101;2020-01-15;CALLAO;CALLAO;CALLAO;SARITA COLONIA;1084292;AGUSTIN DE HIPONA;AVENIDA RAMIRO PRIALE - ANTENOR ORREGO;INICIAL;85; LIMA METROPOLITANA y CALLAO;CALLAO 1;CALLAO 3
70101;2020-01-15;CALLAO;CALLAO;CALLAO;SARITA COLONIA;1280585;136 LOS NIÑOS DE MARIA;CALLE CARLOS CUETO FERNANDINI Y RODRIGO FRANCO MZ W LOTE 32;INICIAL;154; LIMA METROPOLITANA y CALLAO;CALLAO 1;CALLAO 3
70101;2020-01-15;CALLAO;CALLAO;CALLAO;FRANCISCO BOLOGNESI;1084987;SAN VICENTE;ALFONSO UGARTE-LEONCIO PRADO;PRIMARIA;162; LIMA METROPOLITANA y CALLAO;CALLAO 1;CALLAO 3
70101;2020-01-15;CALLAO;CALLAO;CALLAO;FRANCISCO BOLOGNESI;1084946;SAN VICENTE;ALFONSO UGARTE-LEONCIO PRADO;INICIAL;83; LIMA METROPOLITANA y CALLAO;CALLAO 1;CALLAO 3
70101;2020-01-15;CALLAO;CALLAO;CALLAO;URB RAMON CASTILLA;215657;5046 - JOSE GALVEZ EGUSQUIZA;JIRON TALARA S/N;PRIMARIA;537; LIMA METROPOLITANA y CALLAO;CALLAO 1;CALLAO 1
70101;2020-01-15;CALLAO;CALLAO;CALLAO;VIPOL;526509;JUAN INGUNZA VALDIVIA;AVENIDA NENUFARES 401;INICIAL;180; LIMA METROPOLITANA y CALLAO;CALLAO 1;CALLAO 4
70101;2020-01-15;CALLAO;CALLAO;CALLAO;TODOSA UNIDOS;3872026;CORAZON DE JESUS;PASAJE RAMON CASTILLA S/N;INICIAL;25; LIMA METROPOLITANA y CALLAO;CALLAO 1;CALLAO 1
70101;2020-01-15;CALLAO;CALLAO;CALLAO;SANTA CRUZ;780585;101;AVENIDA SANTA ROSA MZ L, SANTA CRUZ;INICIAL;219; LIMA METROPOLITANA y CALLAO;CALLAO 1;CALLAO 1
70101;2020-01-15;CALLAO;CALLAO;CALLAO;CHUCUITO;208736;4001 DOS DE MAYO;AVENIDA GAMARRA 230;PRIMARIA;263; LIMA METROPOLITANA y CALLAO;CALLAO 1;CALLAO 6
70101;2020-01-15;CALLAO;CALLAO;CALLAO;CHUCUITO;1083690;4001 DOS DE MAYO;AVENIDA GAMARRA 230;INICIAL;99; LIMA METROPOLITANA y CALLAO;CALLAO 1;CALLAO 6
70101;2020-01-15;CALLAO;CALLAO;CALLAO;EL ALAMO;780734;5089 VIRGEN MARIA;MZ P MZ P;PRIMARIA;675; LIMA METROPOLITANA y CALLAO;CALLAO 1;CALLAO 4
70101;2020-01-15;CALLAO;CALLAO;CALLAO;URB LA COLONIAL;215723;5049 EMMA DETTMANN DE GUTIERREZ;CALLE RUY DIAZ 316;PRIMARIA;252; LIMA METROPOLITANA y CALLAO;CALLAO 1;CALLAO 1
70101;2020-01-15;CALLAO;CALLAO;CALLAO;LAS COLINAS;1383181;5139 LAS COLINAS;CALLE 8 Y 10 S/N;PRIMARIA;348; LIMA METROPOLITANA y CALLAO;CALLAO 1;CALLAO 4
70101;2020-01-15;CALLAO;CALLAO;CALLAO;PEDRO RUIZ GALLO;1083575;5040 PEDRO RUIZ;JOSEFINA, PEDRO RUIZ GALLO;INICIAL;201; LIMA METROPOLITANA y CALLAO;CALLAO 1;CALLAO 1
70101;2020-01-15;CALLAO;CALLAO;CALLAO;PEDRO RUIZ GALLO;207795;5040 PEDRO RUIZ;JOSEFINA;PRIMARIA;335; LIMA METROPOLITANA y CALLAO;CALLAO 1;CALLAO 1
70101;2020-01-15;CALLAO;CALLAO;CALLAO;DANIEL ALCIDES CARRION;1418839;5136 FERNANDO BELAUNDE TERRY;DANIEL ALCIDES CARRION MZ A;INICIAL;85; LIMA METROPOLITANA y CALLAO;CALLAO 1;CALLAO 3
70101;2020-01-15;CALLAO;CALLAO;CALLAO;DANIEL ALCIDES CARRION;1381342;5136 FERNANDO BELAUNDE TERRY;DANIEL ALCIDES CARRION MZ A;PRIMARIA;127; LIMA METROPOLITANA y CALLAO;CALLAO 1;CALLAO 3
70101;2020-01-15;CALLAO;CALLAO;CALLAO;ACAPULCO;209049;67;AVENIDA CENTRAL S/N;INICIAL;172; LIMA METROPOLITANA y CALLAO;CALLAO 1;CALLAO 3
70101;2020-01-15;CALLAO;CALLAO;CALLAO;ACAPULCO;215897;5037 ALMIRANTE MIGUEL GRAU;JIRON HUMBERTO SANCHEZ CUZCANO S/N;PRIMARIA;553; LIMA METROPOLITANA y CALLAO;CALLAO 1;CALLAO 3
70101;2020-01-15;CALLAO;CALLAO;CALLAO;TIWINZA;1267772;SAN MIGUEL;CALLE TIWINZA S/N;INICIAL;75; LIMA METROPOLITANA y CALLAO;CALLAO 1;CALLAO 3
70101;2020-01-15;CALLAO;CALLAO;CALLAO;TIWINZA;1273317;SAN MIGUEL;CALLE TIWINZA S/N;PRIMARIA;182; LIMA METROPOLITANA y CALLAO;CALLAO 1;CALLAO 3
70101;2020-01-15;CALLAO;CALLAO;CALLAO;SAN JUAN BOSCO;1083732;119 VIRGEN MARIA;CALLE VILLA RICA S/N;INICIAL;208; LIMA METROPOLITANA y CALLAO;CALLAO 1;CALLAO 5
70101;2020-01-15;CALLAO;CALLAO;CALLAO;PREVI;555987;5026 JOSE MARIA ARGUEDAS;CALLE LAS MORAS S/N;PRIMARIA;562; LIMA METROPOLITANA y CALLAO;CALLAO 1;CALLAO 2
70101;2020-01-15;CALLAO;CALLAO;CALLAO;SANTA MARINA NORTE;208025;REPUBLICA DE VENEZUELA;AVENIDA ARGENTINA 1030;PRIMARIA;328; LIMA METROPOLITANA y CALLAO;CALLAO 1;CALLAO 5
70101;2020-01-15;CALLAO;CALLAO;CALLAO;SANTA MARINA NORTE;209015;64 DIVINO NIÑO JESUS;JIRON OCTAVIO ESPINOZA S/N;INICIAL;335; LIMA METROPOLITANA y CALLAO;CALLAO 1;CALLAO 5
70101;2020-01-15;CALLAO;CALLAO;CALLAO;FUNDO LA CHALACA;207985;5023 ABELARDO GAMARRA;CALLE MZ K;PRIMARIA;479; LIMA METROPOLITANA y CALLAO;CALLAO 1;CALLAO 5
70101;2020-01-15;CALLAO;CALLAO;CALLAO;PRIMAVERA;659508;89 - NUESTRA SEÑORA DEL CARMEN;AMA SUA S/N PRIMAVERA;INICIAL;200; LIMA METROPOLITANA y CALLAO;CALLAO 1;CALLAO 5
70101;2020-01-15;CALLAO;CALLAO;CALLAO;URB RENOVACIÃ“N PALOMINO;1084540;4006 SANTA ROSA DE AMERICA;CALLE S/N URB. RENOVACION PALOMINO;INICIAL;141; LIMA METROPOLITANA y CALLAO;CALLAO 1;CALLAO 5
70101;2020-01-15;CALLAO;CALLAO;CALLAO;URB RENOVACIÃ“N PALOMINO;208561;4006 SANTA ROSA DE AMERICA;CALLE S/N URB. RENOVACION PALOMINO;PRIMARIA;447; LIMA METROPOLITANA y CALLAO;CALLAO 1;CALLAO 5
70101;2020-01-15;CALLAO;CALLAO;CALLAO;CIUDADELA CHALACA;215921;5039 DIVINA PASTORA;PARQUE 02 S/N;PRIMARIA;137; LIMA METROPOLITANA y CALLAO;CALLAO 1;CALLAO 5
70101;2020-01-15;CALLAO;CALLAO;CALLAO;AEROPUERTO;649277;3090 FRANCO PERUANO;CALLE CORDE UNO S/N;PRIMARIA;505; LIMA METROPOLITANA y CALLAO;CALLAO 1;CALLAO 2
70101;2020-01-15;CALLAO;CALLAO;CALLAO;AEROPUERTO;526301;5075 INCA GARCILASO DE LA VEGA;AVENIDA DANIEL A. CARRION S/N;PRIMARIA;539; LIMA METROPOLITANA y CALLAO;CALLAO 1;CALLAO 2
70101;2020-01-15;CALLAO;CALLAO;CALLAO;PUERTO NUEVO;215665;5045 MARIA REICHE;AVENIDA CONTRALMIRANTE MORA 420;PRIMARIA;149; LIMA METROPOLITANA y CALLAO;CALLAO 1;CALLAO 5
70101;2020-01-15;CALLAO;CALLAO;CALLAO;PUERTO NUEVO;1083658;118 MI MUNDO FELIZ;PLAZUELA STA ROSA S/N 2DO PISO;INICIAL;138; LIMA METROPOLITANA y CALLAO;CALLAO 1;CALLAO 5
70101;2020-01-15;CALLAO;CALLAO;CALLAO;PLAYA RIMAC;215863;5036 RAFAEL BELAUNDE DIEZ CANSECO;JIRON SANTOS CHOCANO S/N;PRIMARIA;332; LIMA METROPOLITANA y CALLAO;CALLAO 1;CALLAO 2
70101;2020-01-15;CALLAO;CALLAO;CALLAO;SANTA ROSA;1384122;CONVENIO INABIF SANTA MICAELA;JIRON IQUITOS Y SANTA ROSA S/N;INICIAL;78; LIMA METROPOLITANA y CALLAO;CALLAO 1;CALLAO 1
70101;2020-01-15;CALLAO;CALLAO;CALLAO;SANTA ROSA;208405;4018 ABRAHAM VALDELOMAR;AVENIDA PROCERES S/N;PRIMARIA;491; LIMA METROPOLITANA y CALLAO;CALLAO 1;CALLAO 1
70101;2020-01-15;CALLAO;CALLAO;CALLAO;URB BELLA UNION;215590;5042 - JUAN FRANCISCO DE LA BODEGA Y CUADRA;JIRON HUANCAVELICA 100;PRIMARIA;607; LIMA METROPOLITANA y CALLAO;CALLAO 1;CALLAO 1
70101;2020-01-15;CALLAO;CALLAO;CALLAO;SAN JUAN MASIAS;782615;5097 SAN JUAN MACIAS;AVENIDA CANADA MZ P;PRIMARIA;647; LIMA METROPOLITANA y CALLAO;CALLAO 1;CALLAO 7
70101;2020-01-15;CALLAO;CALLAO;CALLAO;SANTA ROSA CERRO LA REGLA;1380559;2093 SANTA ROSA;AVENIDA LA REGLA MZ D;INICIAL;90; LIMA METROPOLITANA y CALLAO;CALLAO 1;CALLAO 7
70101;2020-01-15;CALLAO;CALLAO;CALLAO;SANTA ROSA CERRO LA REGLA;528794;2093 SANTA ROSA;AVENIDA LA REGLA MZ D;PRIMARIA;255; LIMA METROPOLITANA y CALLAO;CALLAO 1;CALLAO 7
70101;2020-01-15;CALLAO;CALLAO;CALLAO;EX FUNDO MARQUEZ;524462;5076 NSTRA. SRA.DE LAS MERCEDES;AVENIDA MIRAMAR S/N;PRIMARIA;1302; LIMA METROPOLITANA y CALLAO;CALLAO 1;CALLAO 7
70101;2020-01-15;CALLAO;CALLAO;CALLAO;BOCANEGRA;781864;5095 JULIO RAMON RIBEYRO;AVENIDA OMICRON S/N;PRIMARIA;730; LIMA METROPOLITANA y CALLAO;CALLAO 1;CALLAO 2
70101;2020-01-15;CALLAO;CALLAO;CALLAO;BOCANEGRA;781773;5092 SANTA ROSA DE LIMA;PASAJE K SECTOR V MZ G;PRIMARIA;501; LIMA METROPOLITANA y CALLAO;CALLAO 1;CALLAO 2
70101;2020-01-15;CALLAO;CALLAO;CALLAO;LOS PILARES AZULES;1083773;4007 - VIRGEN DEL PILAR;MZ D LOTE 20;INICIAL;144; LIMA METROPOLITANA y CALLAO;CALLAO 1;CALLAO 5
70101;2020-01-15;CALLAO;CALLAO;CALLAO;LOS PILARES AZULES;208579;4007 VIRGEN DEL PILAR;MZ D LOTE 20;PRIMARIA;344; LIMA METROPOLITANA y CALLAO;CALLAO 1;CALLAO 5
70101;2020-01-15;CALLAO;CALLAO;CALLAO;EX FUNDO OQUENDO;208330;4010 HERMANOS RAFAEL SAMUEL Y EMILIO MOISES GOMEZ PAQUIYAURI;AVENIDA BUENOS AIRES S/N;PRIMARIA;553; LIMA METROPOLITANA y CALLAO;CALLAO 1;CALLAO 7
70101;2020-01-15;CALLAO;CALLAO;CALLAO;EX FUNDO OQUENDO;1328293;ALDEAS INFANTILES SOS CALLAO;CALLE MZ F LOTE 43 EX FUNDO OQUENDO;INICIAL;77; LIMA METROPOLITANA y CALLAO;CALLAO 1;CALLAO 7
70101;2020-01-15;CALLAO;CALLAO;CALLAO;EX FUNDO OQUENDO;659433;82 - PASTORCITOS DE OQUENDO;CARRETERA A VENTANILLA KM 8.5, EX FUNDO OQUENDO;INICIAL;222; LIMA METROPOLITANA y CALLAO;CALLAO 1;CALLAO 7
70101;2020-01-15;CALLAO;CALLAO;CALLAO;URB VIPOL;488825;JUAN INGUNZA VALDIVIA;AVENIDA NENUFARES 401;PRIMARIA;689; LIMA METROPOLITANA y CALLAO;CALLAO 1;CALLAO 4
70101;2020-01-15;CALLAO;CALLAO;CALLAO;CALLAO;659458;84 - NIÑA MARIA;PASEO LOS FRANCISCANOS CUADRA 2, CIUDAD SATELITE SANTA ROSA;INICIAL;321; LIMA METROPOLITANA y CALLAO;CALLAO 1;CALLAO 4
70101;2020-01-15;CALLAO;CALLAO;CALLAO;CALLAO;773440;116 - EMILIA BARCIA BONIFFATTI;AVENIDA WASGINTON 640;INICIAL;147; LIMA METROPOLITANA y CALLAO;CALLAO 1;CALLAO 6
70101;2020-01-15;CALLAO;CALLAO;CALLAO;CALLAO;631077;95 - SANTA ROSA;AV. TUPAC AMARU MZ M1 LOTE 4 AA.HH SANTA ROSA CALLAO;INICIAL;207; LIMA METROPOLITANA y CALLAO;CALLAO 1;CALLAO 1
70101;2020-01-15;CALLAO;CALLAO;CALLAO;CALLAO;208462;5003 - VIRGEN DE LA I. CONCEPCION;JIRON ALBERTO SECADA 439;PRIMARIA;310; LIMA METROPOLITANA y CALLAO;CALLAO 1;CALLAO 6
70101;2020-01-15;CALLAO;CALLAO;CALLAO;CALLAO;631036;96 VIRGEN MARIA DE FATIMA;AVENIDA SANTA ROSA S/N, NESTOR GAMBETA BAJA -CALLAO;INICIAL;181; LIMA METROPOLITANA y CALLAO;CALLAO 1;CALLAO 1
70101;2020-01-15;CALLAO;CALLAO;CALLAO;CALLAO;1084342;5001 LUISA DE SABOGAL;JIRON SAN MARTIN 156;INICIAL;45; LIMA METROPOLITANA y CALLAO;CALLAO 1;CALLAO 6
70101;2020-01-15;CALLAO;CALLAO;CALLAO;CALLAO;659706;5083 SAN MARTIN DE PORRES;"URB. ALBINO HERRERA MZ ""X"" S/N I ETAPA - CALLAO";PRIMARIA;789; LIMA METROPOLITANA y CALLAO;CALLAO 1;CALLAO 4
70101;2020-01-15;CALLAO;CALLAO;CALLAO;CALLAO;514224;5010;JIRON ZARUMILLA S/N AAHH-MIGUEL GRAU-CALLAO;PRIMARIA;330; LIMA METROPOLITANA y CALLAO;CALLAO 1;CALLAO 1
70101;2020-01-15;CALLAO;CALLAO;CALLAO;CALLAO;656793;94 MIGUEL GRAU;JIRON CHULUCANAS S/N, MIGUEL GRAU;INICIAL;316; LIMA METROPOLITANA y CALLAO;CALLAO 1;CALLAO 1
70101;2020-01-15;CALLAO;CALLAO;CALLAO;URB 2 DE JULIO;631010;4008 NUESTRA SEÑORA DE FATIMA;AVENIDA PEREZ SALMON S/N;INICIAL;105; LIMA METROPOLITANA y CALLAO;CALLAO 1;CALLAO 5
70101;2020-01-15;CALLAO;CALLAO;CALLAO;URB 2 DE JULIO;208587;4008 NUESTRA SEÑORA DE FATIMA;AVENIDA PEREZ SALMON S/N;PRIMARIA;288; LIMA METROPOLITANA y CALLAO;CALLAO 1;CALLAO 5
70101;2020-01-15;CALLAO;CALLAO;CALLAO;AAHH JOSE BOTTERIN;631028;91;AVENIDA LOS ALAMOS S/N;INICIAL;182; LIMA METROPOLITANA y CALLAO;CALLAO 1;CALLAO 5
70101;2020-01-15;CALLAO;CALLAO;CALLAO;AAHH JOSE BOTTERIN;656843;5078 JOSE A.QUIÑONES GONZALES;AVENIDA LOS ALAMOS S/N;PRIMARIA;260; LIMA METROPOLITANA y CALLAO;CALLAO 1;CALLAO 5
70101;2020-01-15;CALLAO;CALLAO;CALLAO;AAHH JOSE BOTTERIN;631051;92;PARQUE 3 S/N MZ K2 LOTE 20;INICIAL;168; LIMA METROPOLITANA y CALLAO;CALLAO 1;CALLAO 5
70101;2020-01-15;CALLAO;CALLAO;CALLAO;SANTA MARINA SUR;207993;5024;JIRON SUPE 603;PRIMARIA;544; LIMA METROPOLITANA y CALLAO;CALLAO 1;CALLAO 5
70101;2020-01-15;CALLAO;CALLAO;CALLAO;CALLAO;781443;109 DIVINO JESUS;MZ. A 21 LOTE S/N ENTRE CALLE SIGMA PASAJE 30, ASENTAMIENTO HUMANO BOCANEGRA;INICIAL;208; LIMA METROPOLITANA y CALLAO;CALLAO 1;CALLAO 2
70101;2020-01-15;CALLAO;CALLAO;CALLAO;CALLAO;208538;5007 NUESTRA SEÑORA DE GUADALUPE;JIRON MANUEL RAYGADA 295;PRIMARIA;316; LIMA METROPOLITANA y CALLAO;CALLAO 1;CALLAO 5
70101;2020-01-15;CALLAO;CALLAO;CALLAO;CALLAO;728634;5085 RAMIRO PRIALE PRIALE;CALLE LOS FAISANES CUADRA 1 MZ O - URB. EL CONDOR;PRIMARIA;409; LIMA METROPOLITANA y CALLAO;CALLAO 1;CALLAO 2
70101;2020-01-15;CALLAO;CALLAO;CALLAO;CALLAO;208991;62 PASITOS DE JESUS;AVENIDA GUARDIA CHALACA 858;INICIAL;396; LIMA METROPOLITANA y CALLAO;CALLAO 1;CALLAO 5
70101;2020-01-15;CALLAO;CALLAO;CALLAO;CALLAO;659938;5084 - CARLOS PHILLIPS;CALLE Y PASAJE K S/N, URB PREVI II ETAPA;PRIMARIA;1186; LIMA METROPOLITANA y CALLAO;CALLAO 1;CALLAO 2
70101;2020-01-15;CALLAO;CALLAO;CALLAO;CALLAO;209080;69 MARIA AUXILIADORA;JR RAMON CASTILLA NÂº 250- PLAYA RIMAC- CALLAO;INICIAL;265; LIMA METROPOLITANA y CALLAO;CALLAO 1;CALLAO 2
70101;2020-01-15;CALLAO;CALLAO;CALLAO;CALLAO;207894;5019 - AUGUSTO CAZORLA;AVENIDA REP DE PANAMA 753;PRIMARIA;586; LIMA METROPOLITANA y CALLAO;CALLAO 1;CALLAO 5
70101;2020-01-15;CALLAO;CALLAO;CALLAO;CALLAO;511022;76 MI AMIGO JESUS;JIRON CUZCO S/N, RAMON CASTILLA;INICIAL;358; LIMA METROPOLITANA y CALLAO;CALLAO 1;CALLAO 3
70101;2020-01-15;CALLAO;CALLAO;CALLAO;AAHH M. RAMON CASTILLA;215707;5048 MARISCAL RAMON CASTILLA;AVENIDA ALAMEDA S/N;PRIMARIA;449; LIMA METROPOLITANA y CALLAO;CALLAO 1;CALLAO 3
70101;2020-01-15;CALLAO;CALLAO;CALLAO;JUAN PABLO II;1083617;JUAN PABLO II.;MZ O;INICIAL;278; LIMA METROPOLITANA y CALLAO;CALLAO 1;CALLAO 3
70101;2020-01-15;CALLAO;CALLAO;CALLAO;200 MILLAS;1670579;MONSEÑOR RICARDO DURAND;PARQUE HEROES DEL CENEPA 2ø ETAPA . URB. 200 MILLAS;PRIMARIA;189; LIMA METROPOLITANA y CALLAO;CALLAO 1;CALLAO 7
70101;2020-01-15;CALLAO;CALLAO;CALLAO;CALLAO;659672;5079 JORGE CHAVEZ DARTNELL;JIRON VICTOR A NDRES BELAUNDE 100;PRIMARIA;508; LIMA METROPOLITANA y CALLAO;CALLAO 1;CALLAO 2
70101;2020-01-15;CALLAO;CALLAO;CALLAO;CALLAO;563031;78 AMIGUITOS DE SAN MARTIN;JIRON SALAVERRY S/N;INICIAL;261; LIMA METROPOLITANA y CALLAO;CALLAO 1;CALLAO 2
70101;2020-01-15;CALLAO;CALLAO;CALLAO;CALLAO;704834;CAMINANDO AL FUTURO;CALLE PRINCIPAL S/N MZ H LOTE 18 ZONA CHACARITAS, FUNDO LA CHALACA;INICIAL;21; LIMA METROPOLITANA y CALLAO;CALLAO 1;CALLAO 5
70101;2020-01-15;CALLAO;CALLAO;CALLAO;CALLAO;704832;AMIGUITOS DE JESUS;MZ H LOTE 18 CASA 34, FISCAL - CHACARITAS;INICIAL;20; LIMA METROPOLITANA y CALLAO;CALLAO 1;CALLAO 5
70101;2020-01-15;CALLAO;CALLAO;CALLAO;CALLAO;782466;111;CALLE ALFA MZ D LOTE 35, BOCANEGRA;INICIAL;348; LIMA METROPOLITANA y CALLAO;CALLAO 1;CALLAO 2
70101;2020-01-15;CALLAO;CALLAO;CALLAO;CALLAO;1083831;131 MI MUNDO MAGICO;CALLE ALFA Y BETA PASAJE 52 MZ A9 SECTOR I -BOCANEGRA;INICIAL;65; LIMA METROPOLITANA y CALLAO;CALLAO 1;CALLAO 2
70101;2020-01-15;CALLAO;CALLAO;CALLAO;CALLAO;656785;81 - JORGE CHAVEZ;CALLE CIRO ALEGRIA S/N URB. JORGE CHAVEZ;INICIAL;222; LIMA METROPOLITANA y CALLAO;CALLAO 1;CALLAO 2
70101;2020-01-15;CALLAO;CALLAO;CALLAO;CALLAO;781534;GABRIELA MISTRAL;CALLE LOS CISNES Y LOS HALCONES MZ K;INICIAL;238; LIMA METROPOLITANA y CALLAO;CALLAO 1;CALLAO 2
70101;2020-01-15;CALLAO;CALLAO;CALLAO;CALLAO;497826;073 SEÑOR DE LA MISERICORDIA;CALLE LOS QUINOS MZ C1;INICIAL;336; LIMA METROPOLITANA y CALLAO;CALLAO 1;CALLAO 2
70101;2020-01-15;CALLAO;CALLAO;CALLAO;CALLAO;1222553;JUAN LINARES ROJAS;AVENIDA CALIFORNIA S/N PALMERAS DE OQUENDO;PRIMARIA;400; LIMA METROPOLITANA y CALLAO;CALLAO 1;CALLAO 7
70101;2020-01-15;CALLAO;CALLAO;CALLAO;CALLAO;1753342;172;CALLE LAS DELICIAS S/N MZ G LOTE 1;INICIAL;59; LIMA METROPOLITANA y CALLAO;CALLAO 1;CALLAO 7
70101;2020-01-15;CALLAO;CALLAO;CALLAO;CALLAO;1222512;JUAN LINARES ROJAS;AVENIDA CALIFORNIA S/N PALMERAS DE OQUENDO;INICIAL;110; LIMA METROPOLITANA y CALLAO;CALLAO 1;CALLAO 7
70101;2020-01-15;CALLAO;CALLAO;CALLAO;CALLAO;1396423;137 FEDERICO VILLARREAL;CALLE I-D Y F S/N;INICIAL;198; LIMA METROPOLITANA y CALLAO;CALLAO 1;CALLAO 7
70101;2020-01-15;CALLAO;CALLAO;CALLAO;CALLAO;656801;98 NIÑITO JESUS DE PRAGA;AVENIDA JOSE CARLOS MARIATEGUI S/N;INICIAL;320; LIMA METROPOLITANA y CALLAO;CALLAO 1;CALLAO 7
70101;2020-01-15;CALLAO;CALLAO;CALLAO;CALLAO;781500;VIRGEN DEL CARMEN;AVENIDA NESTOR GAMBETA S/N KM 14.5, MARQUEZ;INICIAL;184; LIMA METROPOLITANA y CALLAO;CALLAO 1;CALLAO 7
70101;2020-01-15;CALLAO;CALLAO;CALLAO;CALLAO;631002;80 LOS NIÑOS DE JESUS;URB. LAS 200 MILLAS, MZ O LOTE 19;INICIAL;220; LIMA METROPOLITANA y CALLAO;CALLAO 1;CALLAO 7
70101;2020-01-15;CALLAO;CALLAO;CALLAO;CALLAO;541995;5033 - LAS 200 MILLAS;AVENIDA NESTOR GAMBETA Y FAUCETT S/N, DOSCIENTAS MILLAS;PRIMARIA;684; LIMA METROPOLITANA y CALLAO;CALLAO 1;CALLAO 7
70101;2020-01-15;CALLAO;CALLAO;CALLAO;CALLAO;782490;112 MEDALLITA MILAGROSA;PASAJE MADRE DE DIOS MZ K;INICIAL;241; LIMA METROPOLITANA y CALLAO;CALLAO 1;CALLAO 7
70101;2020-01-15;CALLAO;CALLAO;CALLAO;CALLAO;773473;117;PROLONG. JOSE GALVEZ;INICIAL;147; LIMA METROPOLITANA y CALLAO;CALLAO 1;CALLAO 6
70101;2020-01-15;CALLAO;CALLAO;CALLAO;CALLAO;208520;5006 ALBERTO SECADA;JIRON CALIFORNIA NÂº280;PRIMARIA;316; LIMA METROPOLITANA y CALLAO;CALLAO 1;CALLAO 6
70101;2020-01-15;CALLAO;CALLAO;CALLAO;CALLAO;209072;071 RETOÑITOS DE LA VIRGEN DE GUADALUPE;AVENIDA ALAMEDA S/N , NESTOR GAMBETTA;INICIAL;324; LIMA METROPOLITANA y CALLAO;CALLAO 1;CALLAO 1
70101;2020-01-15;CALLAO;CALLAO;CALLAO;CALLAO;780619;100 VICTOR RAUL HAYA DE LA TORRE;CALLE ALAMO S/N MZ I LOTE S/N, EL ALAMO;INICIAL;238; LIMA METROPOLITANA y CALLAO;CALLAO 1;CALLAO 4
70101;2020-01-15;CALLAO;CALLAO;CALLAO;CALLAO;659714;5080 SOR ANA DE LOS ANGELES;ALAMEDA DE LOS MISIONEROS S/N, CIUDAD SATELITE SANTA ROSA;PRIMARIA;1458; LIMA METROPOLITANA y CALLAO;CALLAO 1;CALLAO 4
70101;2020-01-15;CALLAO;CALLAO;CALLAO;CALLAO;208496;5005 GENMO DON JOSE DE SAN MARTIN;JIRON AREQUIPA NORTE 143;PRIMARIA;748; LIMA METROPOLITANA y CALLAO;CALLAO 1;CALLAO 6
70101;2020-01-15;CALLAO;CALLAO;CALLAO;CALLAO;522664;77 SANTISIMA VIRGEN DEL CARMEN;MZ X LOTE S/N ETAPA II, ALBINO HERRERA;INICIAL;284; LIMA METROPOLITANA y CALLAO;CALLAO 1;CALLAO 4
70101;2020-01-15;CALLAO;CALLAO;CALLAO;CALLAO;659482;87 SANTA ROSA;CALLE MISIONERO ESCUDERO NÂº 145 CIUDAD SATELITE SANTA ROSA - CALLAO;INICIAL;279; LIMA METROPOLITANA y CALLAO;CALLAO 1;CALLAO 4
70101;2020-01-15;CALLAO;CALLAO;CALLAO;CALLAO;209106;LOS CONEJITOS;AVENIDA 2 DE MAYO 245, CALLAO CERCADO;INICIAL;182; LIMA METROPOLITANA y CALLAO;CALLAO 1;CALLAO 6
70101;2020-01-15;CALLAO;CALLAO;CALLAO;CALLAO;659466;85 NIÑO JESUS;PASEO LOS FRACISCANOS S/N MZ F;INICIAL;351; LIMA METROPOLITANA y CALLAO;CALLAO 1;CALLAO 4
70101;2020-01-15;CALLAO;CALLAO;CALLAO;CALLAO;659474;86 SEÑOR DE LOS MILAGROS;PASEO LOS DOMINICOS MZ. J SECTOR III , CIUDAD SATELITE SANTA ROSA;INICIAL;398; LIMA METROPOLITANA y CALLAO;CALLAO 1;CALLAO 4
70101;2020-01-15;CALLAO;CALLAO;CALLAO;CALLAO;208348;4011 LA TABOADA DE LAS FRESAS;AV. LOS ALISOS S/N URB. LAS FRESAS;PRIMARIA;246; LIMA METROPOLITANA y CALLAO;CALLAO 1;CALLAO 4
70101;2020-01-15;CALLAO;CALLAO;CALLAO;CALLAO;208413;5001 LUISA DE SABOGAL;JIRON SAN MARTIN 156;PRIMARIA;210; LIMA METROPOLITANA y CALLAO;CALLAO 1;CALLAO 6
70101;2020-01-15;CALLAO;CALLAO;CALLAO;CALLAO;526400;5074 ALCIDES SPELUCIN VEGA;CALLE 7 S/N, URB. SEQUICENTENARIO;PRIMARIA;853; LIMA METROPOLITANA y CALLAO;CALLAO 1;CALLAO 4
70101;2020-01-15;CALLAO;CALLAO;CALLAO;NESTOR GAMBETTA;208389;4016 NESTOR GAMBETA BONATTI;ALAMEDA ALAMEDA S/N;PRIMARIA;916; LIMA METROPOLITANA y CALLAO;CALLAO 1;CALLAO 1
70101;2020-01-15;CALLAO;CALLAO;CALLAO;TODOS UNIDOS;3872024;CORAZON DE MARIA;PASAJE RAMON CASTILLA S/N;INICIAL;26; LIMA METROPOLITANA y CALLAO;CALLAO 1;CALLAO 1
70102;2020-01-15;CALLAO;CALLAO;BELLAVISTA;BELLAVISTA;598482;5017 VIRGEN DEL CARMEM;JIRON COLINA 246-250;PRIMARIA;387; LIMA METROPOLITANA y CALLAO;CALLAO 1;CALLAO 6
70102;2020-01-15;CALLAO;CALLAO;BELLAVISTA;BELLAVISTA;209007;63;JIRON COMANDANTE ESPINAR 460;INICIAL;281; LIMA METROPOLITANA y CALLAO;CALLAO 1;CALLAO 6
70102;2020-01-15;CALLAO;CALLAO;BELLAVISTA;BELLAVISTA;207951;5022 FRANCISCO IZQUIERDO RIOS;JIRON NICOLAS DE PIEROLA 110;PRIMARIA;355; LIMA METROPOLITANA y CALLAO;CALLAO 1;CALLAO 6
70102;2020-01-15;CALLAO;CALLAO;BELLAVISTA;BELLAVISTA;597195;SANTA TERESA DE COUDERC;AVENIDA VENEZUELA S/N;PRIMARIA;112; LIMA METROPOLITANA y CALLAO;CALLAO 1;BELLAVISTA
70102;2020-01-15;CALLAO;CALLAO;BELLAVISTA;BELLAVISTA;824003;GENERAL PRADO;AVENIDA JUAN PABLO II S/N Y ESQUINA DE AV GUARDIA CHALACA;PRIMARIA;639; LIMA METROPOLITANA y CALLAO;CALLAO 1;BELLAVISTA
70102;2020-01-15;CALLAO;CALLAO;BELLAVISTA;BELLAVISTA;556191;75 - MAURA ROSA;CALLE JUAN PABLO II NÂº 170 BELLAVISTA;INICIAL;365; LIMA METROPOLITANA y CALLAO;CALLAO 1;BELLAVISTA
70102;2020-01-15;CALLAO;CALLAO;BELLAVISTA;BELLAVISTA;488817;DORA MAYER;PARQUE LAS AMERICAS 140;PRIMARIA;737; LIMA METROPOLITANA y CALLAO;CALLAO 1;BELLAVISTA
70102;2020-01-15;CALLAO;CALLAO;BELLAVISTA;CIUDAD DEL PESCADOR;209569;SAN ANTONIO;MZ Q-4 LOTE 58;PRIMARIA;170; LIMA METROPOLITANA y CALLAO;CALLAO 1;BELLAVISTA
70102;2020-01-15;CALLAO;CALLAO;BELLAVISTA;CIUDAD DEL PESCADOR;1195718;5011 DARIO ARRUS CUESTAS;CALLE 72 S/N;INICIAL;209; LIMA METROPOLITANA y CALLAO;CALLAO 1;BELLAVISTA
70102;2020-01-15;CALLAO;CALLAO;BELLAVISTA;CIUDAD DEL PESCADOR;556597;5011 DARIO ARRUS CUESTAS;CALLE 72 S/N;PRIMARIA;578; LIMA METROPOLITANA y CALLAO;CALLAO 1;BELLAVISTA
70102;2020-01-15;CALLAO;CALLAO;BELLAVISTA;CIUDAD DEL PESCADOR;556290;5050 SAN PEDRO;AVENIDA UNO S/N;PRIMARIA;561; LIMA METROPOLITANA y CALLAO;CALLAO 1;BELLAVISTA
70103;2020-01-15;CALLAO;CALLAO;CARMEN DE LA LEGUA REYNOSO;VILA SEÑOR DE LOS MILAGROS;744411;CONEJITOS;JIRON VICTORIA NAVARRO 633, VILLA SEÑOR DE LOS MILAGROS;INICIAL;20; LIMA METROPOLITANA y CALLAO;CALLAO 1;CARMEN DE LA LEGUA
70103;2020-01-15;CALLAO;CALLAO;CARMEN DE LA LEGUA REYNOSO;CARMEN DE LA LEGUA REYNOSO;209023;65 - MI NIÑO JESUS;JIRON ABEL CALLIRGOS 336, SEÑOR DE LOS MILAGROS;INICIAL;238; LIMA METROPOLITANA y CALLAO;CALLAO 1;CARMEN DE LA LEGUA
70103;2020-01-15;CALLAO;CALLAO;CARMEN DE LA LEGUA REYNOSO;CARMEN DE LA LEGUA REYNOSO;1437706;5041;JIRON LORETO S/N;INICIAL;164; LIMA METROPOLITANA y CALLAO;CALLAO 1;CARMEN DE LA LEGUA
70103;2020-01-15;CALLAO;CALLAO;CARMEN DE LA LEGUA REYNOSO;CARMEN DE LA LEGUA REYNOSO;215632;5044 - BANDERA DE LA PAZ;AVENIDA LOPEZ PAZOS 803;PRIMARIA;715; LIMA METROPOLITANA y CALLAO;CALLAO 1;CARMEN DE LA LEGUA
70103;2020-01-15;CALLAO;CALLAO;CARMEN DE LA LEGUA REYNOSO;CARMEN DE LA LEGUA REYNOSO;215848;5035;AVENIDA SANTOS CHOCANO 788;PRIMARIA;379; LIMA METROPOLITANA y CALLAO;CALLAO 1;CARMEN DE LA LEGUA
70103;2020-01-15;CALLAO;CALLAO;CARMEN DE LA LEGUA REYNOSO;CARMEN DE LA LEGUA REYNOSO;659490;88 CRISTO MILAGROSO;JIRON JORGE CHAVEZ 600;INICIAL;489; LIMA METROPOLITANA y CALLAO;CALLAO 1;CARMEN DE LA LEGUA
70103;2020-01-15;CALLAO;CALLAO;CARMEN DE LA LEGUA REYNOSO;CARMEN DE LA LEGUA REYNOSO;215616;5043 SAN MARTIN DE PORRES;JIRON LIMA S/N;PRIMARIA;459; LIMA METROPOLITANA y CALLAO;CALLAO 1;CARMEN DE LA LEGUA
70103;2020-01-15;CALLAO;CALLAO;CARMEN DE LA LEGUA REYNOSO;CARMEN DE LA LEGUA REYNOSO;207803;5041;JIRON LORETO S/N;PRIMARIA;303; LIMA METROPOLITANA y CALLAO;CALLAO 1;CARMEN DE LA LEGUA
70103;2020-01-15;CALLAO;CALLAO;CARMEN DE LA LEGUA REYNOSO;CARMEN DE LA LEGUA REYNOSO;208371;4015 AUGUSTO SALAZAR BONDY;JIRON ANGEL QUISPE 350;PRIMARIA;583; LIMA METROPOLITANA y CALLAO;CALLAO 1;CARMEN DE LA LEGUA
70103;2020-01-15;CALLAO;CALLAO;CARMEN DE LA LEGUA REYNOSO;CARMEN DE LA LEGUA REYNOSO;208116;5030 TNTE. CRNEL. LEOPOLDO PEREZ SALMON;AVENIDA JOSE LOPEZ PAZOS 203;PRIMARIA;699; LIMA METROPOLITANA y CALLAO;CALLAO 1;CARMEN DE LA LEGUA
70103;2020-01-15;CALLAO;CALLAO;CARMEN DE LA LEGUA REYNOSO;REYNOSO;555789;VIRGEN DEL CARMEN;AVENIDA LOPEZ PAZOS 851;PRIMARIA;141; LIMA METROPOLITANA y CALLAO;CALLAO 1;CARMEN DE LA LEGUA
70104;2020-01-15;CALLAO;CALLAO;LA PERLA;CIUDAD DEL PAPEL;601021;LA PERLA;PASAJE JUAN XXIII 143;PRIMARIA;60; LIMA METROPOLITANA y CALLAO;CALLAO 1;BELLAVISTA
70104;2020-01-15;CALLAO;CALLAO;LA PERLA;LA PERLA;208546;4004 SAN MARTIN DE PORRES;JIRON LINCOLN 351, CONJUNTO HABITACIONAL;PRIMARIA;681; LIMA METROPOLITANA y CALLAO;CALLAO 1;BELLAVISTA
70104;2020-01-15;CALLAO;CALLAO;LA PERLA;LA PERLA;209056;68 PAZ Y AMOR;AVENIDA LA PAZ 760;INICIAL;325; LIMA METROPOLITANA y CALLAO;CALLAO 1;BELLAVISTA
70104;2020-01-15;CALLAO;CALLAO;LA PERLA;LA PERLA;208082;5028 SANTA RITA DE CASIA;AVENIDA JOSE GALVEZ 102, LOS CEREZOS;PRIMARIA;72; LIMA METROPOLITANA y CALLAO;CALLAO 1;CALLAO 6
70104;2020-01-15;CALLAO;CALLAO;LA PERLA;LA PERLA;664680;CEBE LUISA SOLOGUREN DE SABOGAL;AVENIDA LA MARINA S/N;PRIMARIA;92; LIMA METROPOLITANA y CALLAO;CALLAO 1;BELLAVISTA
70104;2020-01-15;CALLAO;CALLAO;LA PERLA;LA PERLA;555599;JOSE OLAYA BALANDRA;JIRON ATAHUALPA CUADRA 7 S/N;PRIMARIA;200; LIMA METROPOLITANA y CALLAO;CALLAO 1;BELLAVISTA
70104;2020-01-15;CALLAO;CALLAO;LA PERLA;LA PERLA;208553;4005 ALMTE. MIGUEL GRAU SEMINARIO;AVENIDA LA PAZ 1000, LA PERLA ALTA;PRIMARIA;207; LIMA METROPOLITANA y CALLAO;CALLAO 1;BELLAVISTA
70104;2020-01-15;CALLAO;CALLAO;LA PERLA;LA PERLA;208058;5027 ARTURO TIMORAN DE LA H.;PASAJE FELIX S/N MZ U;PRIMARIA;524; LIMA METROPOLITANA y CALLAO;CALLAO 1;BELLAVISTA
70105;2020-01-15;CALLAO;CALLAO;LA PUNTA;LA PUNTA;208207;5013 - JOSE GALVEZ BARRENECHEA;PARQUE JOSE GALVEZ 130;PRIMARIA;307; LIMA METROPOLITANA y CALLAO;CALLAO 1;CALLAO 6
70105;2020-01-15;CALLAO;CALLAO;LA PUNTA;LA PUNTA;597062;5013 - JOSE GALVEZ BARRENECHEA;PARQUE JOSE GALVEZ 130;INICIAL;19; LIMA METROPOLITANA y CALLAO;CALLAO 1;CALLAO 6
70106;2020-01-15;CALLAO;CALLAO;VENTANILLA;VENTANILLA;780437;106;AVENIDA CARLOS VILLANUEVA MZ G LOTE 1;INICIAL;219; LIMA METROPOLITANA y CALLAO;CALLAO 1;VENTANILLA 4
70106;2020-01-15;CALLAO;CALLAO;VENTANILLA;HIJOS DE VENTANILLA;781898;5096;AVENIDA CARLOS VILLANUEVA S/N ZONA 3 AAHH HIJOS DE V ENTAN;PRIMARIA;448; LIMA METROPOLITANA y CALLAO;CALLAO 1;VENTANILLA 4
70106;2020-01-15;CALLAO;CALLAO;VENTANILLA;CIUDAD SATELITE;883918;VENTANILLA;AVENIDA LOS GERANIOS;PRIMARIA;87; LIMA METROPOLITANA y CALLAO;CALLAO 1;VENTANILLA 4
70106;2020-01-15;CALLAO;CALLAO;VENTANILLA;CIUDAD SATELITE;208694;5052 VIRGEN DE LA MERCED;AVENIDA LOS GERANIOS S/N;PRIMARIA;814; LIMA METROPOLITANA y CALLAO;CALLAO 1;VENTANILLA 4
70106;2020-01-15;CALLAO;CALLAO;VENTANILLA;CIUDAD SATELITE;208710;5053 - VICTOR ANDRES BELAUNDE;AVENIDA LOS GERANIOS S/N;PRIMARIA;1000; LIMA METROPOLITANA y CALLAO;CALLAO 1;VENTANILLA 4
70106;2020-01-15;CALLAO;CALLAO;VENTANILLA;CIUDAD SATELITE;208652;5051 VIRGEN DE FATIMA;AVENIDA PEDRO BELTRAN S/N;PRIMARIA;851; LIMA METROPOLITANA y CALLAO;CALLAO 1;VENTANILLA 4
70106;2020-01-15;CALLAO;CALLAO;VENTANILLA;VENTANILLA ALTA;1381979;5137;AVENIDA C AMPLIACION B CALLE 39 VENTANILLA ALTA S/N;PRIMARIA;323; LIMA METROPOLITANA y CALLAO;CALLAO 1;VENTANILLA 4
70106;2020-01-15;CALLAO;CALLAO;VENTANILLA;VENTANILLA ALTA;499236;4020 JOSE SANTOS CHOCANO;AVENIDA LOS GERANIOS ALTURA CALLE 22 S/N;PRIMARIA;280; LIMA METROPOLITANA y CALLAO;CALLAO 1;VENTANILLA 4
70106;2020-01-15;CALLAO;CALLAO;VENTANILLA;VENTANILLA;1675586;165;MZ E LOTE 20;INICIAL;182; LIMA METROPOLITANA y CALLAO;CALLAO 1;VENTANILLA 4
70106;2020-01-15;CALLAO;CALLAO;VENTANILLA;VENTANILLA;1580612;151;MZ O LOTE 1-4;INICIAL;98; LIMA METROPOLITANA y CALLAO;CALLAO 1;VENTANILLA 1
70106;2020-01-15;CALLAO;CALLAO;VENTANILLA;VENTANILLA;1264431;130 VIDA Y ALEGRIA;AVENIDA ARQUITECTOS KM 39;INICIAL;239; LIMA METROPOLITANA y CALLAO;CALLAO 1;VENTANILLA 1
70106;2020-01-15;CALLAO;CALLAO;VENTANILLA;VENTANILLA;1381813;125 DIVINO NIÑO JESUS;MZ M1 LOTE 1, AA.HH  MARIA JESUS ESPINOZA;INICIAL;278; LIMA METROPOLITANA y CALLAO;CALLAO 1;VENTANILLA 2
70106;2020-01-15;CALLAO;CALLAO;VENTANILLA;VENTANILLA;1381862;FE Y ALEGRIA 59;CALLE NICARAGUA S/N MZ G1 LOTE 1A;PRIMARIA;467; LIMA METROPOLITANA y CALLAO;CALLAO 1;VENTANILLA 2
70106;2020-01-15;CALLAO;CALLAO;VENTANILLA;VENTANILLA;659441;83 AMIGOS DE JESUS;AVENIDA PRINCIPAL MZ.LL LOTE.11 - III SECTOR - VILLA LOS REYES;INICIAL;350; LIMA METROPOLITANA y CALLAO;CALLAO 1;VENTANILLA 1
70106;2020-01-15;CALLAO;CALLAO;VENTANILLA;VENTANILLA;1619204;5147;AVENIDA LOS TOPOGRAFOS S/N MZ C2 LOTE 1;PRIMARIA;211; LIMA METROPOLITANA y CALLAO;CALLAO 1;VENTANILLA 2
70106;2020-01-15;CALLAO;CALLAO;VENTANILLA;LOS ANGELES;662841;3089 LOS ANGELES;CALLE PARAISO S/N;PRIMARIA;619; LIMA METROPOLITANA y CALLAO;CALLAO 1;VENTANILLA 1
70106;2020-01-15;CALLAO;CALLAO;VENTANILLA;LOS ANGELES;433078;3720 NUESTRA SEÑORA DE LA MISERICORDIA;CARRETERA PANAMERICANA NORTE;PRIMARIA;560; LIMA METROPOLITANA y CALLAO;CALLAO 1;VENTANILLA 1
70106;2020-01-15;CALLAO;CALLAO;VENTANILLA;JOSE OLAYA BALANDRA;1523786;144;JOSE OLAYA BALANDRA;INICIAL;173; LIMA METROPOLITANA y CALLAO;CALLAO 1;VENTANILLA 2
70106;2020-01-15;CALLAO;CALLAO;VENTANILLA;LAS LOMAS;1238708;5123 FRANCISCO BOLOGNESI CERVANTES;AVENIDA ARQUITECTOS S/N AAHH LAS LOMAS S/N;PRIMARIA;443; LIMA METROPOLITANA y CALLAO;CALLAO 1;VENTANILLA 1
70106;2020-01-15;CALLAO;CALLAO;VENTANILLA;PACHACUTEC;3923832;SEÑOR DE LOS MILAGROS;MZ P LOTE 22 ETAPA I;INICIAL;14; LIMA METROPOLITANA y CALLAO;CALLAO 1;VENTANILLA 1
70106;2020-01-15;CALLAO;CALLAO;VENTANILLA;PACHACUTEC;1642008;5148;MZ B LOTE 1;PRIMARIA;191; LIMA METROPOLITANA y CALLAO;CALLAO 1;VENTANILLA 2
70106;2020-01-15;CALLAO;CALLAO;VENTANILLA;PACHACUTEC;1580596;148;GRUPO RESIDENCIAL 1A MZ C LOTE 11 SECTOR 1;INICIAL;89; LIMA METROPOLITANA y CALLAO;CALLAO 1;VENTANILLA 2
70106;2020-01-15;CALLAO;CALLAO;VENTANILLA;PACHACUTEC;3908214;ANGELES DEL SABER;SAGRADO CORAZON DE JESUS MZ F LOTE 1 ETAPA 1;INICIAL;10; LIMA METROPOLITANA y CALLAO;CALLAO 1;VENTANILLA 1
70106;2020-01-15;CALLAO;CALLAO;VENTANILLA;PACHACUTEC;1380567;5122 JOSE ANDRES RAZURI ESTEVEZ;JIRON LOS ECOLOGOS SECTOR EQUIPAMIENTO S/N MZ D LOTE 1;PRIMARIA;662; LIMA METROPOLITANA y CALLAO;CALLAO 1;VENTANILLA 2
70106;2020-01-15;CALLAO;CALLAO;VENTANILLA;PACHACUTEC;3908215;MENTES DULCES;SAGRADO CORAZON DE JESUS MZ F LOTE 01 ETAPA 1;INICIAL;16; LIMA METROPOLITANA y CALLAO;CALLAO 1;VENTANILLA 1
70106;2020-01-15;CALLAO;CALLAO;VENTANILLA;KEIKO SOFIA;1238542;5121 PEDRO PLANAS;JIRON LAS AGUILAR S/N MZ M LOTE F-2 ETAPA I;PRIMARIA;584; LIMA METROPOLITANA y CALLAO;CALLAO 1;VENTANILLA 1
70106;2020-01-15;CALLAO;CALLAO;VENTANILLA;SANTA MARGARITA;780791;5087;KM 37 5 PANAMERICANA NORTE MZ E S/N;PRIMARIA;400; LIMA METROPOLITANA y CALLAO;CALLAO 1;VENTANILLA 1
70106;2020-01-15;CALLAO;CALLAO;VENTANILLA;VENTANILLA;781807;5093 ANTONIO RAYMONDI;AVENIDA GONZALES GANOZA I SECTOR IZQUIERDO S/N;PRIMARIA;771; LIMA METROPOLITANA y CALLAO;CALLAO 1;VENTANILLA 5
70106;2020-01-15;CALLAO;CALLAO;VENTANILLA;VENTANILLA;1381953;126;MZ M LOTE 19;INICIAL;378; LIMA METROPOLITANA y CALLAO;CALLAO 1;VENTANILLA 5
70106;2020-01-15;CALLAO;CALLAO;VENTANILLA;VENTANILLA;761823;ARDILLITAS;MZ L LOTE 1A;INICIAL;16; LIMA METROPOLITANA y CALLAO;CALLAO 1;VENTANILLA 5
70106;2020-01-15;CALLAO;CALLAO;VENTANILLA;VENTANILLA;1425966;138;MZ J LOTE 1 SECTOR F;INICIAL;108; LIMA METROPOLITANA y CALLAO;CALLAO 1;VENTANILLA 6
70106;2020-01-15;CALLAO;CALLAO;VENTANILLA;VENTANILLA;1533637;145;JIRON TRUJILLO S/N MZ X LOTE 01 SECTOR II ZONA BALNEARIO;INICIAL;219; LIMA METROPOLITANA y CALLAO;CALLAO 1;VENTANILLA 6
70106;2020-01-15;CALLAO;CALLAO;VENTANILLA;PACHACUTEC;1195114;5117 JORGE PORTOCARRERO REBAZA;SECTOR E BARRIO XI COOP KAWACHI MZ M;PRIMARIA;893; LIMA METROPOLITANA y CALLAO;CALLAO 1;VENTANILLA 6
70106;2020-01-15;CALLAO;CALLAO;VENTANILLA;PACHACUTEC;1364967;5142 VIRGEN DE GUADALUPE;MZ C LOTE 01;PRIMARIA;436; LIMA METROPOLITANA y CALLAO;CALLAO 1;VENTANILLA 6
70106;2020-01-15;CALLAO;CALLAO;VENTANILLA;PACHACUTEC;1382944;129;HUANCAPUNCO MZ G LOTE 2 SECTOR F;INICIAL;112; LIMA METROPOLITANA y CALLAO;CALLAO 1;VENTANILLA 6
70106;2020-01-15;CALLAO;CALLAO;VENTANILLA;PACHACUTEC;1195114;ELIAS AGUIRRE ROMERO;MZ G LT 8 IV SECTOR AH NUEVO PACHACUTEC;PRIMARIA;352; LIMA METROPOLITANA y CALLAO;CALLAO 1;VENTANILLA 6
70106;2020-01-15;CALLAO;CALLAO;VENTANILLA;PACHACUTEC;1602622;156;GRUPO RESIDENCIA 1 MZ I LOTE 14 SECTOR F;INICIAL;51; LIMA METROPOLITANA y CALLAO;CALLAO 1;VENTANILLA 6
70106;2020-01-15;CALLAO;CALLAO;VENTANILLA;PACHACUTEC;1579051;147;MZ B LOTE 1;INICIAL;125; LIMA METROPOLITANA y CALLAO;CALLAO 1;VENTANILLA 6
70106;2020-01-15;CALLAO;CALLAO;VENTANILLA;PACHACUTEC;1253640;5117 JORGE PORTOCARRERO REBAZA;MZ G SECTOR F BARRIO XII GRUPO RESIDENCIAL 1;INICIAL;252; LIMA METROPOLITANA y CALLAO;CALLAO 1;VENTANILLA 6
70106;2020-01-15;CALLAO;CALLAO;VENTANILLA;PACHACUTEC;1457597;5146;MZ U LOTE 01 SECTOR OASIS;INICIAL;107; LIMA METROPOLITANA y CALLAO;CALLAO 1;VENTANILLA 6
70106;2020-01-15;CALLAO;CALLAO;VENTANILLA;PACHACUTEC;1383157;PRESIDENTE DE LA REPUBLICA DE COLOMBIA - DR. ALVARO URIBE VELEZ;MZ L LOTE 1 ETAPA IV SECTOR G;PRIMARIA;664; LIMA METROPOLITANA y CALLAO;CALLAO 1;VENTANILLA 6
70106;2020-01-15;CALLAO;CALLAO;VENTANILLA;PACHACUTEC;1437714;5145;MZ L1 LOTE 1 ETAPA I;PRIMARIA;515; LIMA METROPOLITANA y CALLAO;CALLAO 1;VENTANILLA 6
70106;2020-01-15;CALLAO;CALLAO;VENTANILLA;LOS LICENCIADOS;1381151;5130-1 LOS LICENCIADOS;MZ S-5 LOTE C2;PRIMARIA;515; LIMA METROPOLITANA y CALLAO;CALLAO 1;VENTANILLA 5
70106;2020-01-15;CALLAO;CALLAO;VENTANILLA;ANGAMOS;1083872;132 SAGRADO CORAZON DE JESUS;26 SECTOR I MZ C LOTE 8;INICIAL;310; LIMA METROPOLITANA y CALLAO;CALLAO 1;VENTANILLA 5
70106;2020-01-15;CALLAO;CALLAO;VENTANILLA;ANGAMOS;780767;5088 HEROES DEL PACIFICO;AVENIDA B II SECTOR ANGAMOS S/N;PRIMARIA;623; LIMA METROPOLITANA y CALLAO;CALLAO 1;VENTANILLA 5
70106;2020-01-15;CALLAO;CALLAO;VENTANILLA;ANGAMOS;1381516;LA PROVIDENCIA VIRGEN DE CHAPI;CALLE 7 S/N;INICIAL;85; LIMA METROPOLITANA y CALLAO;CALLAO 1;VENTANILLA 5
70106;2020-01-15;CALLAO;CALLAO;VENTANILLA;ANGAMOS;780825;5086 POLITECNICO DE VENTANILLA;AVENIDA NEPTUNO S/N;PRIMARIA;766; LIMA METROPOLITANA y CALLAO;CALLAO 1;VENTANILLA 5
70106;2020-01-15;CALLAO;CALLAO;VENTANILLA;ANGAMOS;781740;5091 HIJOS DE GRAU;HIJOS DE GRAU MZ O;PRIMARIA;342; LIMA METROPOLITANA y CALLAO;CALLAO 1;VENTANILLA 5
70106;2020-01-15;CALLAO;CALLAO;VENTANILLA;ANTONIA MORENO DE CACERES;780700;5090 ANTONIA MORENO DE CACERES;VI SECTOR DERECHO S/N;PRIMARIA;300; LIMA METROPOLITANA y CALLAO;CALLAO 1;VENTANILLA 5
70106;2020-01-15;CALLAO;CALLAO;VENTANILLA;COSMOVISION;3862874;JARDIN DE AMOR;AVENIDA 25 MZ L LOTE 1;INICIAL;17; LIMA METROPOLITANA y CALLAO;CALLAO 1;VENTANILLA 6
70106;2020-01-15;CALLAO;CALLAO;VENTANILLA;VENTANILLA;1637412;163;MZ D LOTE 1-2 SECTOR COSTA AZUL;INICIAL;97; LIMA METROPOLITANA y CALLAO;CALLAO 1;VENTANILLA 5
70106;2020-01-15;CALLAO;CALLAO;VENTANILLA;VENTANILLA;1602630;157;MZ S LOTE 1 SECTOR H;INICIAL;135; LIMA METROPOLITANA y CALLAO;CALLAO 1;VENTANILLA 6
70106;2020-01-15;CALLAO;CALLAO;VENTANILLA;VENTANILLA;1602697;160;GRUPO RESIDENCIAL 1 MZ L LOTE 10 SECTOR G;INICIAL;159; LIMA METROPOLITANA y CALLAO;CALLAO 1;VENTANILLA 3
70106;2020-01-15;CALLAO;CALLAO;VENTANILLA;VENTANILLA;1744333;171;MZ F LOTE 12-13;INICIAL;41; LIMA METROPOLITANA y CALLAO;CALLAO 1;VENTANILLA 3
70106;2020-01-15;CALLAO;CALLAO;VENTANILLA;VENTANILLA;3908232;LOS LIDERES DE MAÑANA;PARQUE VENTANILLA MZ 7 LOTE 7;INICIAL;21; LIMA METROPOLITANA y CALLAO;CALLAO 1;VENTANILLA 3
70106;2020-01-15;CALLAO;CALLAO;VENTANILLA;PACHACUTEC;1381110;5129 VENCEDORES DE PACHACUTEC;AVENIDA 225 SECTOR D MZ P;PRIMARIA;762; LIMA METROPOLITANA y CALLAO;CALLAO 1;VENTANILLA 3
70106;2020-01-15;CALLAO;CALLAO;VENTANILLA;PACHACUTEC;1262500;120;MZ R1 LOTE 03 SECTOR C;INICIAL;290; LIMA METROPOLITANA y CALLAO;CALLAO 1;VENTANILLA 3
70106;2020-01-15;CALLAO;CALLAO;VENTANILLA;PACHACUTEC;1262542;5125 CASUARINAS;JIRON LAS VIOLETAS S/N MZ A LOTE 1;PRIMARIA;815; LIMA METROPOLITANA y CALLAO;CALLAO 1;VENTANILLA 3
70106;2020-01-15;CALLAO;CALLAO;VENTANILLA;PACHACUTEC;1381078;5130 PACHACUTEC;SECTOR A S/N MZ L-M-N LOTE 1;PRIMARIA;1118; LIMA METROPOLITANA y CALLAO;CALLAO 1;VENTANILLA 3
70106;2020-01-15;CALLAO;CALLAO;VENTANILLA;PACHACUTEC;1380880;ANEXO HELEN KELER;AH SANTA ROSA PACHACUTEC;PRIMARIA;15; LIMA METROPOLITANA y CALLAO;CALLAO 1;VENTANILLA 3
70106;2020-01-15;CALLAO;CALLAO;VENTANILLA;PACHACUTEC;1380690;5128 SAGRADO CORAZON DE MARIA;MZ M-1 LOTE 02 SECTOR E;PRIMARIA;1021; LIMA METROPOLITANA y CALLAO;CALLAO 1;VENTANILLA 3
70106;2020-01-15;CALLAO;CALLAO;VENTANILLA;PACHACUTEC;1425974;5144 DIVINO CRISTO EN LAS ALTURAS;CALLE LOS PROCERES PARCELA I S/N;INICIAL;147; LIMA METROPOLITANA y CALLAO;CALLAO 1;VENTANILLA 3
70106;2020-01-15;CALLAO;CALLAO;VENTANILLA;PACHACUTEC;1583202;152;GRUPO RESIDENCIAL C1 MZ H5 LOTE 14 SECTOR C;INICIAL;104; LIMA METROPOLITANA y CALLAO;CALLAO 1;VENTANILLA 3
70106;2020-01-15;CALLAO;CALLAO;VENTANILLA;PACHACUTEC;1523760;142;MZ D8 LOTE 1 SECTOR B;INICIAL;121; LIMA METROPOLITANA y CALLAO;CALLAO 1;VENTANILLA 3
70106;2020-01-15;CALLAO;CALLAO;VENTANILLA;PACHACUTEC;1425982;5144 DIVINO CRISTO EN LAS ALTURAS;CALLE LOS PROCERES PARCELA I S/N;PRIMARIA;344; LIMA METROPOLITANA y CALLAO;CALLAO 1;VENTANILLA 3
70106;2020-01-15;CALLAO;CALLAO;VENTANILLA;PACHACUTEC;1264639;5124 LIBERTADOR SIMON BOLIVAR;AVENIDA CABO BLANCO S/N;PRIMARIA;728; LIMA METROPOLITANA y CALLAO;CALLAO 1;VENTANILLA 3
70106;2020-01-15;CALLAO;CALLAO;VENTANILLA;DEFENSORES DE LA PATRIA;3862839;PECESITOS;MZ L LOTE 1;INICIAL;15; LIMA METROPOLITANA y CALLAO;CALLAO 1;VENTANILLA 5
70106;2020-01-15;CALLAO;CALLAO;VENTANILLA;DEFENSORES DE LA PATRIA;1195478;5118 - CMDTE JUAN VALER SANDOVAL;CALLE GENERAL SANTA CRUZ S/N;PRIMARIA;812; LIMA METROPOLITANA y CALLAO;CALLAO 1;VENTANILLA 5
70106;2020-01-15;CALLAO;CALLAO;VENTANILLA;YOSHIYAMA;793120;SAN PABLO I;MZ C LOTE 1;INICIAL;12; LIMA METROPOLITANA y CALLAO;CALLAO 1;VENTANILLA 6
70106;2020-01-15;CALLAO;CALLAO;VENTANILLA;VENTANILLA;1602705;161;AV. AREQUIPA MZ.C-17 LOTE.4;INICIAL;238; LIMA METROPOLITANA y CALLAO;CALLAO 1;MI PERU
70106;2020-01-15;CALLAO;CALLAO;VENTANILLA;VENTANILLA;1709575;5135 LA SALLE;AVENIDA VILLA MZ A-1 LOTE 1;INICIAL;120; LIMA METROPOLITANA y CALLAO;CALLAO 1;MI PERU
70106;2020-01-15;CALLAO;CALLAO;VENTANILLA;MARIA JESUS ESPINOZA;779712;SANTA ROSA DE LIMA II;MZ N LOTE 9, MARIA JESUS ESPINOZA;INICIAL;20; LIMA METROPOLITANA y CALLAO;CALLAO 1;VENTANILLA 2
70106;2020-01-15;CALLAO;CALLAO;VENTANILLA;VENTANILLA;1451236;140;CALLE SAMARIA MZ F LOTE 17;INICIAL;79; LIMA METROPOLITANA y CALLAO;CALLAO 1;VENTANILLA 1
70106;2020-01-15;CALLAO;CALLAO;VENTANILLA;VENTANILLA;780676;DIVINO NIÑO DE VILLA LOS REYES;MZ N1 S/N 1Ã¸SECTOR VILLA LOS REYES (KM.37 PANAMERICANA NORTE);INICIAL;258; LIMA METROPOLITANA y CALLAO;CALLAO 1;VENTANILLA 1
70106;2020-01-15;CALLAO;CALLAO;VENTANILLA;VENTANILLA;1383363;FE Y ALEGRIA 59;CALLE NICARAGUA S/N MZ G1 LOTE 1A;INICIAL;187; LIMA METROPOLITANA y CALLAO;CALLAO 1;VENTANILLA 2
70106;2020-01-15;CALLAO;CALLAO;VENTANILLA;VILLA LOS REYES;1238229;5120;AVENIDA ALFONSO UGARTE S/N;PRIMARIA;511; LIMA METROPOLITANA y CALLAO;CALLAO 1;VENTANILLA 1
70106;2020-01-15;CALLAO;CALLAO;VENTANILLA;VILLA LOS REYES;659664;5077 - JOSE FAUSTINO SANCHEZ CARRION;CALLE 3 KM 37 SECTOR 1;PRIMARIA;872; LIMA METROPOLITANA y CALLAO;CALLAO 1;VENTANILLA 1
70106;2020-01-15;CALLAO;CALLAO;VENTANILLA;LA PAZ;1084474;FE Y ALEGRIA 43;AVENIDA LOS CEREZOS S/N;INICIAL;81; LIMA METROPOLITANA y CALLAO;CALLAO 1;VENTANILLA 1
70106;2020-01-15;CALLAO;CALLAO;VENTANILLA;LA PAZ;855791;FE Y ALEGRIA 43;AVENIDA LOS CEREZOS S/N;PRIMARIA;630; LIMA METROPOLITANA y CALLAO;CALLAO 1;VENTANILLA 1
70106;2020-01-15;CALLAO;CALLAO;VENTANILLA;SAN PEDRO DE CHOQUE;781831;5094 NACIONES UNIDAS;AVENIDA PERU ALTURA KM 37.5;PRIMARIA;704; LIMA METROPOLITANA y CALLAO;CALLAO 1;VENTANILLA 1
70106;2020-01-15;CALLAO;CALLAO;VENTANILLA;JOSE OLAYA;1269083;5127 MARTIR JOSE OLAYA;JIRON LOS ARBOLITOS CON ESQUINA JIRON LOS NARDOS MZ G;PRIMARIA;1036; LIMA METROPOLITANA y CALLAO;CALLAO 1;VENTANILLA 2
70106;2020-01-15;CALLAO;CALLAO;VENTANILLA;JOSE OLAYA;1382928;5141 DIVINO MAESTRO;AVENIDA BOLIVIA S/N MZ K2 LOTE 04;PRIMARIA;428; LIMA METROPOLITANA y CALLAO;CALLAO 1;VENTANILLA 2
70106;2020-01-15;CALLAO;CALLAO;VENTANILLA;MI PERU;1579689;SAGRADO CORAZON DE JESUS;AVENIDA TRUJILLO MZ J-17 LOTE 2;PRIMARIA;47; LIMA METROPOLITANA y CALLAO;CALLAO 1;MI PERU
70106;2020-01-15;CALLAO;CALLAO;VENTANILLA;PACHACUTEC;1451244;5146;MZ U LOTE 01 SECTOR OASIS;PRIMARIA;431; LIMA METROPOLITANA y CALLAO;CALLAO 1;VENTANILLA 6
70106;2020-01-15;CALLAO;CALLAO;VENTANILLA;PACHACUTEC;790019;COSMOVISION II;AVENIDA 225 MZ L LOTE 1;INICIAL;29; LIMA METROPOLITANA y CALLAO;CALLAO 1;VENTANILLA 6
70106;2020-01-15;CALLAO;CALLAO;VENTANILLA;VICTOR RAUL HAYA DE LA TORRE;1381581;5130-3 VICTOR RAUL HAYA DE LA TORRE;AVENIDA 11 DE AGOSTO S/N;PRIMARIA;297; LIMA METROPOLITANA y CALLAO;CALLAO 1;VENTANILLA 5
70106;2020-01-15;CALLAO;CALLAO;VENTANILLA;VALLE VERDE;3923815;CONEJITOS;AAHH VALLE VERDE MZ L LT 1A;INICIAL;16; LIMA METROPOLITANA y CALLAO;CALLAO 1;VENTANILLA 5
70106;2020-01-15;CALLAO;CALLAO;VENTANILLA;SUSANA HIGUCHI;750402;LAS FUTURAS ESTRELLITAS;MZ I LOTE 1;INICIAL;23; LIMA METROPOLITANA y CALLAO;CALLAO 1;VENTANILLA 5
70106;2020-01-15;CALLAO;CALLAO;VENTANILLA;VICTOR RAUL HAYA DE LA TORREE;1381367;5130-3 VICTOR RAUL HAYA DE LA TORRE;AVENIDA 11 DE AGOSTO S/N;INICIAL;122; LIMA METROPOLITANA y CALLAO;CALLAO 1;VENTANILLA 5
70106;2020-01-15;CALLAO;CALLAO;VENTANILLA;PACHACUTEC;1381136;123 VIRGEN DE LA ASUNCION;CALLE S/N MZ N1 LOTE 6 SECTOR E;INICIAL;287; LIMA METROPOLITANA y CALLAO;CALLAO 1;VENTANILLA 3
70106;2020-01-15;CALLAO;CALLAO;VENTANILLA;PACHACUTEC;1380880;HELEN KELLER;AVENIDA F SECTOR D GRUPO D-1 MZ Z-1 L S/N;PRIMARIA;40; LIMA METROPOLITANA y CALLAO;CALLAO 1;VENTANILLA 3
70106;2020-01-15;CALLAO;CALLAO;VENTANILLA;CIUDADELA PACHACUTEC;3862878;CARMELITAS;MZ C LOTE 1;INICIAL;20; LIMA METROPOLITANA y CALLAO;CALLAO 1;VENTANILLA 3
70106;2020-01-15;CALLAO;CALLAO;VENTANILLA;CIUDADELA PACHACUTEC;3862872;NIÑOS DE OLIVO II;MZ Y LOTE 1;INICIAL;17; LIMA METROPOLITANA y CALLAO;CALLAO 1;VENTANILLA 3
70106;2020-01-15;CALLAO;CALLAO;VENTANILLA;CIUDADELA PACHACUTEC;3536439;FELIX MORENO I;MZ 7 LOTE 7;INICIAL;15; LIMA METROPOLITANA y CALLAO;CALLAO 1;VENTANILLA 3
70106;2020-01-15;CALLAO;CALLAO;VENTANILLA;CIUDADELA PACHACUTEC;3862881;VIRGEN DE LOURDES;MZ Q2 SECTOR B2 LT S/N, CIUDADELA PACHACUTEC;INICIAL;18; LIMA METROPOLITANA y CALLAO;CALLAO 1;VENTANILLA 3
70106;2020-01-15;CALLAO;CALLAO;VENTANILLA;CIUDADELA PACHACUTEC;3862849;CRECIENDO CON AMOR;MZ 7 LOTE 1;INICIAL;19; LIMA METROPOLITANA y CALLAO;CALLAO 1;VENTANILLA 3
70106;2020-01-15;CALLAO;CALLAO;VENTANILLA;AVIMAPA;1580588;149;AVIMAPA;INICIAL;161; LIMA METROPOLITANA y CALLAO;CALLAO 1;VENTANILLA 6
70106;2020-01-15;CALLAO;CALLAO;VENTANILLA;PARQUE PORCINO;468611;4021;AVENIDA BIERZO S/N;PRIMARIA;622; LIMA METROPOLITANA y CALLAO;CALLAO 1;VENTANILLA 5
70106;2020-01-15;CALLAO;CALLAO;VENTANILLA;JOSE OLAYA;1607936;5141 DIVINO MAESTRO;AVENIDA BOLIVIA S/N MZ K2 LOTE 04;INICIAL;238; LIMA METROPOLITANA y CALLAO;CALLAO 1;VENTANILLA 2
70106;2020-01-15;CALLAO;CALLAO;VENTANILLA;PACHACUTEC;1083518;5116 DIVINO CREADOR;CALLE MX SECTOR II BALNEARIO S/N;PRIMARIA;462; LIMA METROPOLITANA y CALLAO;CALLAO 1;VENTANILLA 2
70106;2020-01-15;CALLAO;CALLAO;VENTANILLA;MONTE SION;782416;AMIGOS DE JESUS;MZ J LOTE 9;INICIAL;28; LIMA METROPOLITANA y CALLAO;CALLAO 1;VENTANILLA 2
70106;2020-01-15;CALLAO;CALLAO;VENTANILLA;MONTE SION;3908219;MIS PRIMEROS GARABATOS;MONTE SION MZ FJ LOTE 9, MONTE SION;INICIAL;9; LIMA METROPOLITANA y CALLAO;CALLAO 1;VENTANILLA 2
70106;2020-01-15;CALLAO;CALLAO;VENTANILLA;CIUDADELA PACHACUTEC;3862845;LOS NIÑOS DE ROSITA;MARIA JESUS ESPINOZA MZ N LOTE 9, MARIA JESUS ESPINOZA;INICIAL;17; LIMA METROPOLITANA y CALLAO;CALLAO 1;VENTANILLA 2
70107;2020-01-15;CALLAO;CALLAO;MI PERÚ;CHAVINILLO;1381185;5130 - 4;MZ T LOTE 1;INICIAL;173; LIMA METROPOLITANA y CALLAO;CALLAO 1;MI PERU
70107;2020-01-15;CALLAO;CALLAO;MI PERÚ;CHAVINILLO;1381193;5130 - 4 CHAVINILLO;MZ T LOTE 1 AH CHAVINILLO;PRIMARIA;233; LIMA METROPOLITANA y CALLAO;CALLAO 1;MI PERU
70107;2020-01-15;CALLAO;CALLAO;MI PERÚ;MI PERU;1268960;124 VILLA DEL MAR;MZ O LOTE 1;INICIAL;122; LIMA METROPOLITANA y CALLAO;CALLAO 1;MI PERU
70107;2020-01-15;CALLAO;CALLAO;MI PERÚ;MI PERU;664722;MANUEL SEOANE CORRALES;AVENIDA HUAURA S/N MZ G LOTE 5;PRIMARIA;1315; LIMA METROPOLITANA y CALLAO;CALLAO 1;MI PERU
70107;2020-01-15;CALLAO;CALLAO;MI PERÚ;MI PERU;3923818;NIÑO JESUS DE PRAGA;MI PERU MZ J LOTE 3;INICIAL;10; LIMA METROPOLITANA y CALLAO;CALLAO 1;MI PERU
70107;2020-01-15;CALLAO;CALLAO;MI PERÚ;MI PERU;781427;5098 - KUMAMOTO;AVENIDA CUZCO S/N;PRIMARIA;375; LIMA METROPOLITANA y CALLAO;CALLAO 1;MI PERU
70107;2020-01-15;CALLAO;CALLAO;MI PERÚ;MI PERU;3923838;CRECER JUNTOS;MZ I LOTE 1;INICIAL;9; LIMA METROPOLITANA y CALLAO;CALLAO 1;MI PERU
70107;2020-01-15;CALLAO;CALLAO;MI PERÚ;MI PERU;3925675;NIÑOS GENIOS;MZ I LOTE 1;INICIAL;12; LIMA METROPOLITANA y CALLAO;CALLAO 1;MI PERU
70107;2020-01-15;CALLAO;CALLAO;MI PERÚ;MI PERU;693366;FERMIN AVILA;AVENIDA HUAURA S/N MZ G-7 LOTE 7;INICIAL;513; LIMA METROPOLITANA y CALLAO;CALLAO 1;MI PERU
70107;2020-01-15;CALLAO;CALLAO;MI PERÚ;MI PERU;1470327;141;LOTE E1;INICIAL;115; LIMA METROPOLITANA y CALLAO;CALLAO 1;MI PERU
70107;2020-01-15;CALLAO;CALLAO;MI PERÚ;MI PERU;3925652;MI MUNDO IDEAL;MZ N13 LOTE 15;INICIAL;68; LIMA METROPOLITANA y CALLAO;CALLAO 1;MI PERU
70107;2020-01-15;CALLAO;CALLAO;MI PERÚ;VILLA EMILIA;1704758;167;MZ J-K LOTE 1;INICIAL;245; LIMA METROPOLITANA y CALLAO;CALLAO 1;MI PERU
70107;2020-01-15;CALLAO;CALLAO;MI PERÚ;VILLA EMILIA;1381060;5130-2 VILLA DEL MAR;AVENIDA LORET DE GRACE S/N MZ M LOTE 1;PRIMARIA;173; LIMA METROPOLITANA y CALLAO;CALLAO 1;MI PERU
70107;2020-01-15;CALLAO;CALLAO;MI PERÚ;VILLA EMILIA;1195197;5119 VILLA EMILIA;CALLE LOS FICUS S/N MZ M LOTE 1;PRIMARIA;681; LIMA METROPOLITANA y CALLAO;CALLAO 1;MI PERU
70107;2020-01-15;CALLAO;CALLAO;MI PERÚ;VILLA ESCUDERO;1381359;5135 LA SALLE;AVENIDA VILLA MZ A-1 LOTE 1;PRIMARIA;343; LIMA METROPOLITANA y CALLAO;CALLAO 1;MI PERU
